-- MySQL dump 10.13  Distrib 8.0.15, for Win64 (x86_64)
--
-- Host: localhost    Database: durandin
-- ------------------------------------------------------
-- Server version	8.0.15

/*!40101 SET @OLD_CHARACTER_SET_CLIENT=@@CHARACTER_SET_CLIENT */;
/*!40101 SET @OLD_CHARACTER_SET_RESULTS=@@CHARACTER_SET_RESULTS */;
/*!40101 SET @OLD_COLLATION_CONNECTION=@@COLLATION_CONNECTION */;
 SET NAMES utf8mb4 ;
/*!40103 SET @OLD_TIME_ZONE=@@TIME_ZONE */;
/*!40103 SET TIME_ZONE='+00:00' */;
/*!40014 SET @OLD_UNIQUE_CHECKS=@@UNIQUE_CHECKS, UNIQUE_CHECKS=0 */;
/*!40014 SET @OLD_FOREIGN_KEY_CHECKS=@@FOREIGN_KEY_CHECKS, FOREIGN_KEY_CHECKS=0 */;
/*!40101 SET @OLD_SQL_MODE=@@SQL_MODE, SQL_MODE='NO_AUTO_VALUE_ON_ZERO' */;
/*!40111 SET @OLD_SQL_NOTES=@@SQL_NOTES, SQL_NOTES=0 */;

--
-- Table structure for table `document`
--

DROP TABLE IF EXISTS `document`;
/*!40101 SET @saved_cs_client     = @@character_set_client */;
 SET character_set_client = utf8mb4 ;
CREATE TABLE `document` (
  `id_document` int(11) NOT NULL AUTO_INCREMENT,
  `id_tovar` int(11) DEFAULT NULL,
  `id_price` int(11) DEFAULT NULL,
  `id_ostatok` int(11) DEFAULT NULL,
  PRIMARY KEY (`id_document`),
  KEY `id_tovar` (`id_tovar`),
  KEY `id_price` (`id_price`),
  KEY `id_ostatok` (`id_ostatok`)
) ENGINE=MyISAM AUTO_INCREMENT=1001 DEFAULT CHARSET=utf8mb4 COLLATE=utf8mb4_0900_ai_ci;
/*!40101 SET character_set_client = @saved_cs_client */;

--
-- Dumping data for table `document`
--

LOCK TABLES `document` WRITE;
/*!40000 ALTER TABLE `document` DISABLE KEYS */;
INSERT INTO `document` VALUES (1,1,1,1),(2,2,2,2),(3,3,3,3),(4,4,4,4),(5,5,5,5),(6,6,6,6),(7,7,7,7),(8,8,8,8),(9,9,9,9),(10,10,10,10),(11,11,11,11),(12,12,12,12),(13,13,13,13),(14,14,14,14),(15,15,15,15),(16,16,16,16),(17,17,17,17),(18,18,18,18),(19,19,19,19),(20,20,20,20),(21,21,21,21),(22,22,22,22),(23,23,23,23),(24,24,24,24),(25,25,25,25),(26,26,26,26),(27,27,27,27),(28,28,28,28),(29,29,29,29),(30,30,30,30),(31,31,31,31),(32,32,32,32),(33,33,33,33),(34,34,34,34),(35,35,35,35),(36,36,36,36),(37,37,37,37),(38,38,38,38),(39,39,39,39),(40,40,40,40),(41,41,41,41),(42,42,42,42),(43,43,43,43),(44,44,44,44),(45,45,45,45),(46,46,46,46),(47,47,47,47),(48,48,48,48),(49,49,49,49),(50,50,50,50),(51,51,51,51),(52,52,52,52),(53,53,53,53),(54,54,54,54),(55,55,55,55),(56,56,56,56),(57,57,57,57),(58,58,58,58),(59,59,59,59),(60,60,60,60),(61,61,61,61),(62,62,62,62),(63,63,63,63),(64,64,64,64),(65,65,65,65),(66,66,66,66),(67,67,67,67),(68,68,68,68),(69,69,69,69),(70,70,70,70),(71,71,71,71),(72,72,72,72),(73,73,73,73),(74,74,74,74),(75,75,75,75),(76,76,76,76),(77,77,77,77),(78,78,78,78),(79,79,79,79),(80,80,80,80),(81,81,81,81),(82,82,82,82),(83,83,83,83),(84,84,84,84),(85,85,85,85),(86,86,86,86),(87,87,87,87),(88,88,88,88),(89,89,89,89),(90,90,90,90),(91,91,91,91),(92,92,92,92),(93,93,93,93),(94,94,94,94),(95,95,95,95),(96,96,96,96),(97,97,97,97),(98,98,98,98),(99,99,99,99),(100,100,100,100),(101,101,101,101),(102,102,102,102),(103,103,103,103),(104,104,104,104),(105,105,105,105),(106,106,106,106),(107,107,107,107),(108,108,108,108),(109,109,109,109),(110,110,110,110),(111,111,111,111),(112,112,112,112),(113,113,113,113),(114,114,114,114),(115,115,115,115),(116,116,116,116),(117,117,117,117),(118,118,118,118),(119,119,119,119),(120,120,120,120),(121,121,121,121),(122,122,122,122),(123,123,123,123),(124,124,124,124),(125,125,125,125),(126,126,126,126),(127,127,127,127),(128,128,128,128),(129,129,129,129),(130,130,130,130),(131,131,131,131),(132,132,132,132),(133,133,133,133),(134,134,134,134),(135,135,135,135),(136,136,136,136),(137,137,137,137),(138,138,138,138),(139,139,139,139),(140,140,140,140),(141,141,141,141),(142,142,142,142),(143,143,143,143),(144,144,144,144),(145,145,145,145),(146,146,146,146),(147,147,147,147),(148,148,148,148),(149,149,149,149),(150,150,150,150),(151,151,151,151),(152,152,152,152),(153,153,153,153),(154,154,154,154),(155,155,155,155),(156,156,156,156),(157,157,157,157),(158,158,158,158),(159,159,159,159),(160,160,160,160),(161,161,161,161),(162,162,162,162),(163,163,163,163),(164,164,164,164),(165,165,165,165),(166,166,166,166),(167,167,167,167),(168,168,168,168),(169,169,169,169),(170,170,170,170),(171,171,171,171),(172,172,172,172),(173,173,173,173),(174,174,174,174),(175,175,175,175),(176,176,176,176),(177,177,177,177),(178,178,178,178),(179,179,179,179),(180,180,180,180),(181,181,181,181),(182,182,182,182),(183,183,183,183),(184,184,184,184),(185,185,185,185),(186,186,186,186),(187,187,187,187),(188,188,188,188),(189,189,189,189),(190,190,190,190),(191,191,191,191),(192,192,192,192),(193,193,193,193),(194,194,194,194),(195,195,195,195),(196,196,196,196),(197,197,197,197),(198,198,198,198),(199,199,199,199),(200,200,200,200),(201,201,201,201),(202,202,202,202),(203,203,203,203),(204,204,204,204),(205,205,205,205),(206,206,206,206),(207,207,207,207),(208,208,208,208),(209,209,209,209),(210,210,210,210),(211,211,211,211),(212,212,212,212),(213,213,213,213),(214,214,214,214),(215,215,215,215),(216,216,216,216),(217,217,217,217),(218,218,218,218),(219,219,219,219),(220,220,220,220),(221,221,221,221),(222,222,222,222),(223,223,223,223),(224,224,224,224),(225,225,225,225),(226,226,226,226),(227,227,227,227),(228,228,228,228),(229,229,229,229),(230,230,230,230),(231,231,231,231),(232,232,232,232),(233,233,233,233),(234,234,234,234),(235,235,235,235),(236,236,236,236),(237,237,237,237),(238,238,238,238),(239,239,239,239),(240,240,240,240),(241,241,241,241),(242,242,242,242),(243,243,243,243),(244,244,244,244),(245,245,245,245),(246,246,246,246),(247,247,247,247),(248,248,248,248),(249,249,249,249),(250,250,250,250),(251,251,251,251),(252,252,252,252),(253,253,253,253),(254,254,254,254),(255,255,255,255),(256,256,256,256),(257,257,257,257),(258,258,258,258),(259,259,259,259),(260,260,260,260),(261,261,261,261),(262,262,262,262),(263,263,263,263),(264,264,264,264),(265,265,265,265),(266,266,266,266),(267,267,267,267),(268,268,268,268),(269,269,269,269),(270,270,270,270),(271,271,271,271),(272,272,272,272),(273,273,273,273),(274,274,274,274),(275,275,275,275),(276,276,276,276),(277,277,277,277),(278,278,278,278),(279,279,279,279),(280,280,280,280),(281,281,281,281),(282,282,282,282),(283,283,283,283),(284,284,284,284),(285,285,285,285),(286,286,286,286),(287,287,287,287),(288,288,288,288),(289,289,289,289),(290,290,290,290),(291,291,291,291),(292,292,292,292),(293,293,293,293),(294,294,294,294),(295,295,295,295),(296,296,296,296),(297,297,297,297),(298,298,298,298),(299,299,299,299),(300,300,300,300),(301,301,301,301),(302,302,302,302),(303,303,303,303),(304,304,304,304),(305,305,305,305),(306,306,306,306),(307,307,307,307),(308,308,308,308),(309,309,309,309),(310,310,310,310),(311,311,311,311),(312,312,312,312),(313,313,313,313),(314,314,314,314),(315,315,315,315),(316,316,316,316),(317,317,317,317),(318,318,318,318),(319,319,319,319),(320,320,320,320),(321,321,321,321),(322,322,322,322),(323,323,323,323),(324,324,324,324),(325,325,325,325),(326,326,326,326),(327,327,327,327),(328,328,328,328),(329,329,329,329),(330,330,330,330),(331,331,331,331),(332,332,332,332),(333,333,333,333),(334,334,334,334),(335,335,335,335),(336,336,336,336),(337,337,337,337),(338,338,338,338),(339,339,339,339),(340,340,340,340),(341,341,341,341),(342,342,342,342),(343,343,343,343),(344,344,344,344),(345,345,345,345),(346,346,346,346),(347,347,347,347),(348,348,348,348),(349,349,349,349),(350,350,350,350),(351,351,351,351),(352,352,352,352),(353,353,353,353),(354,354,354,354),(355,355,355,355),(356,356,356,356),(357,357,357,357),(358,358,358,358),(359,359,359,359),(360,360,360,360),(361,361,361,361),(362,362,362,362),(363,363,363,363),(364,364,364,364),(365,365,365,365),(366,366,366,366),(367,367,367,367),(368,368,368,368),(369,369,369,369),(370,370,370,370),(371,371,371,371),(372,372,372,372),(373,373,373,373),(374,374,374,374),(375,375,375,375),(376,376,376,376),(377,377,377,377),(378,378,378,378),(379,379,379,379),(380,380,380,380),(381,381,381,381),(382,382,382,382),(383,383,383,383),(384,384,384,384),(385,385,385,385),(386,386,386,386),(387,387,387,387),(388,388,388,388),(389,389,389,389),(390,390,390,390),(391,391,391,391),(392,392,392,392),(393,393,393,393),(394,394,394,394),(395,395,395,395),(396,396,396,396),(397,397,397,397),(398,398,398,398),(399,399,399,399),(400,400,400,400),(401,401,401,401),(402,402,402,402),(403,403,403,403),(404,404,404,404),(405,405,405,405),(406,406,406,406),(407,407,407,407),(408,408,408,408),(409,409,409,409),(410,410,410,410),(411,411,411,411),(412,412,412,412),(413,413,413,413),(414,414,414,414),(415,415,415,415),(416,416,416,416),(417,417,417,417),(418,418,418,418),(419,419,419,419),(420,420,420,420),(421,421,421,421),(422,422,422,422),(423,423,423,423),(424,424,424,424),(425,425,425,425),(426,426,426,426),(427,427,427,427),(428,428,428,428),(429,429,429,429),(430,430,430,430),(431,431,431,431),(432,432,432,432),(433,433,433,433),(434,434,434,434),(435,435,435,435),(436,436,436,436),(437,437,437,437),(438,438,438,438),(439,439,439,439),(440,440,440,440),(441,441,441,441),(442,442,442,442),(443,443,443,443),(444,444,444,444),(445,445,445,445),(446,446,446,446),(447,447,447,447),(448,448,448,448),(449,449,449,449),(450,450,450,450),(451,451,451,451),(452,452,452,452),(453,453,453,453),(454,454,454,454),(455,455,455,455),(456,456,456,456),(457,457,457,457),(458,458,458,458),(459,459,459,459),(460,460,460,460),(461,461,461,461),(462,462,462,462),(463,463,463,463),(464,464,464,464),(465,465,465,465),(466,466,466,466),(467,467,467,467),(468,468,468,468),(469,469,469,469),(470,470,470,470),(471,471,471,471),(472,472,472,472),(473,473,473,473),(474,474,474,474),(475,475,475,475),(476,476,476,476),(477,477,477,477),(478,478,478,478),(479,479,479,479),(480,480,480,480),(481,481,481,481),(482,482,482,482),(483,483,483,483),(484,484,484,484),(485,485,485,485),(486,486,486,486),(487,487,487,487),(488,488,488,488),(489,489,489,489),(490,490,490,490),(491,491,491,491),(492,492,492,492),(493,493,493,493),(494,494,494,494),(495,495,495,495),(496,496,496,496),(497,497,497,497),(498,498,498,498),(499,499,499,499),(500,500,500,500),(501,501,501,501),(502,502,502,502),(503,503,503,503),(504,504,504,504),(505,505,505,505),(506,506,506,506),(507,507,507,507),(508,508,508,508),(509,509,509,509),(510,510,510,510),(511,511,511,511),(512,512,512,512),(513,513,513,513),(514,514,514,514),(515,515,515,515),(516,516,516,516),(517,517,517,517),(518,518,518,518),(519,519,519,519),(520,520,520,520),(521,521,521,521),(522,522,522,522),(523,523,523,523),(524,524,524,524),(525,525,525,525),(526,526,526,526),(527,527,527,527),(528,528,528,528),(529,529,529,529),(530,530,530,530),(531,531,531,531),(532,532,532,532),(533,533,533,533),(534,534,534,534),(535,535,535,535),(536,536,536,536),(537,537,537,537),(538,538,538,538),(539,539,539,539),(540,540,540,540),(541,541,541,541),(542,542,542,542),(543,543,543,543),(544,544,544,544),(545,545,545,545),(546,546,546,546),(547,547,547,547),(548,548,548,548),(549,549,549,549),(550,550,550,550),(551,551,551,551),(552,552,552,552),(553,553,553,553),(554,554,554,554),(555,555,555,555),(556,556,556,556),(557,557,557,557),(558,558,558,558),(559,559,559,559),(560,560,560,560),(561,561,561,561),(562,562,562,562),(563,563,563,563),(564,564,564,564),(565,565,565,565),(566,566,566,566),(567,567,567,567),(568,568,568,568),(569,569,569,569),(570,570,570,570),(571,571,571,571),(572,572,572,572),(573,573,573,573),(574,574,574,574),(575,575,575,575),(576,576,576,576),(577,577,577,577),(578,578,578,578),(579,579,579,579),(580,580,580,580),(581,581,581,581),(582,582,582,582),(583,583,583,583),(584,584,584,584),(585,585,585,585),(586,586,586,586),(587,587,587,587),(588,588,588,588),(589,589,589,589),(590,590,590,590),(591,591,591,591),(592,592,592,592),(593,593,593,593),(594,594,594,594),(595,595,595,595),(596,596,596,596),(597,597,597,597),(598,598,598,598),(599,599,599,599),(600,600,600,600),(601,601,601,601),(602,602,602,602),(603,603,603,603),(604,604,604,604),(605,605,605,605),(606,606,606,606),(607,607,607,607),(608,608,608,608),(609,609,609,609),(610,610,610,610),(611,611,611,611),(612,612,612,612),(613,613,613,613),(614,614,614,614),(615,615,615,615),(616,616,616,616),(617,617,617,617),(618,618,618,618),(619,619,619,619),(620,620,620,620),(621,621,621,621),(622,622,622,622),(623,623,623,623),(624,624,624,624),(625,625,625,625),(626,626,626,626),(627,627,627,627),(628,628,628,628),(629,629,629,629),(630,630,630,630),(631,631,631,631),(632,632,632,632),(633,633,633,633),(634,634,634,634),(635,635,635,635),(636,636,636,636),(637,637,637,637),(638,638,638,638),(639,639,639,639),(640,640,640,640),(641,641,641,641),(642,642,642,642),(643,643,643,643),(644,644,644,644),(645,645,645,645),(646,646,646,646),(647,647,647,647),(648,648,648,648),(649,649,649,649),(650,650,650,650),(651,651,651,651),(652,652,652,652),(653,653,653,653),(654,654,654,654),(655,655,655,655),(656,656,656,656),(657,657,657,657),(658,658,658,658),(659,659,659,659),(660,660,660,660),(661,661,661,661),(662,662,662,662),(663,663,663,663),(664,664,664,664),(665,665,665,665),(666,666,666,666),(667,667,667,667),(668,668,668,668),(669,669,669,669),(670,670,670,670),(671,671,671,671),(672,672,672,672),(673,673,673,673),(674,674,674,674),(675,675,675,675),(676,676,676,676),(677,677,677,677),(678,678,678,678),(679,679,679,679),(680,680,680,680),(681,681,681,681),(682,682,682,682),(683,683,683,683),(684,684,684,684),(685,685,685,685),(686,686,686,686),(687,687,687,687),(688,688,688,688),(689,689,689,689),(690,690,690,690),(691,691,691,691),(692,692,692,692),(693,693,693,693),(694,694,694,694),(695,695,695,695),(696,696,696,696),(697,697,697,697),(698,698,698,698),(699,699,699,699),(700,700,700,700),(701,701,701,701),(702,702,702,702),(703,703,703,703),(704,704,704,704),(705,705,705,705),(706,706,706,706),(707,707,707,707),(708,708,708,708),(709,709,709,709),(710,710,710,710),(711,711,711,711),(712,712,712,712),(713,713,713,713),(714,714,714,714),(715,715,715,715),(716,716,716,716),(717,717,717,717),(718,718,718,718),(719,719,719,719),(720,720,720,720),(721,721,721,721),(722,722,722,722),(723,723,723,723),(724,724,724,724),(725,725,725,725),(726,726,726,726),(727,727,727,727),(728,728,728,728),(729,729,729,729),(730,730,730,730),(731,731,731,731),(732,732,732,732),(733,733,733,733),(734,734,734,734),(735,735,735,735),(736,736,736,736),(737,737,737,737),(738,738,738,738),(739,739,739,739),(740,740,740,740),(741,741,741,741),(742,742,742,742),(743,743,743,743),(744,744,744,744),(745,745,745,745),(746,746,746,746),(747,747,747,747),(748,748,748,748),(749,749,749,749),(750,750,750,750),(751,751,751,751),(752,752,752,752),(753,753,753,753),(754,754,754,754),(755,755,755,755),(756,756,756,756),(757,757,757,757),(758,758,758,758),(759,759,759,759),(760,760,760,760),(761,761,761,761),(762,762,762,762),(763,763,763,763),(764,764,764,764),(765,765,765,765),(766,766,766,766),(767,767,767,767),(768,768,768,768),(769,769,769,769),(770,770,770,770),(771,771,771,771),(772,772,772,772),(773,773,773,773),(774,774,774,774),(775,775,775,775),(776,776,776,776),(777,777,777,777),(778,778,778,778),(779,779,779,779),(780,780,780,780),(781,781,781,781),(782,782,782,782),(783,783,783,783),(784,784,784,784),(785,785,785,785),(786,786,786,786),(787,787,787,787),(788,788,788,788),(789,789,789,789),(790,790,790,790),(791,791,791,791),(792,792,792,792),(793,793,793,793),(794,794,794,794),(795,795,795,795),(796,796,796,796),(797,797,797,797),(798,798,798,798),(799,799,799,799),(800,800,800,800),(801,801,801,801),(802,802,802,802),(803,803,803,803),(804,804,804,804),(805,805,805,805),(806,806,806,806),(807,807,807,807),(808,808,808,808),(809,809,809,809),(810,810,810,810),(811,811,811,811),(812,812,812,812),(813,813,813,813),(814,814,814,814),(815,815,815,815),(816,816,816,816),(817,817,817,817),(818,818,818,818),(819,819,819,819),(820,820,820,820),(821,821,821,821),(822,822,822,822),(823,823,823,823),(824,824,824,824),(825,825,825,825),(826,826,826,826),(827,827,827,827),(828,828,828,828),(829,829,829,829),(830,830,830,830),(831,831,831,831),(832,832,832,832),(833,833,833,833),(834,834,834,834),(835,835,835,835),(836,836,836,836),(837,837,837,837),(838,838,838,838),(839,839,839,839),(840,840,840,840),(841,841,841,841),(842,842,842,842),(843,843,843,843),(844,844,844,844),(845,845,845,845),(846,846,846,846),(847,847,847,847),(848,848,848,848),(849,849,849,849),(850,850,850,850),(851,851,851,851),(852,852,852,852),(853,853,853,853),(854,854,854,854),(855,855,855,855),(856,856,856,856),(857,857,857,857),(858,858,858,858),(859,859,859,859),(860,860,860,860),(861,861,861,861),(862,862,862,862),(863,863,863,863),(864,864,864,864),(865,865,865,865),(866,866,866,866),(867,867,867,867),(868,868,868,868),(869,869,869,869),(870,870,870,870),(871,871,871,871),(872,872,872,872),(873,873,873,873),(874,874,874,874),(875,875,875,875),(876,876,876,876),(877,877,877,877),(878,878,878,878),(879,879,879,879),(880,880,880,880),(881,881,881,881),(882,882,882,882),(883,883,883,883),(884,884,884,884),(885,885,885,885),(886,886,886,886),(887,887,887,887),(888,888,888,888),(889,889,889,889),(890,890,890,890),(891,891,891,891),(892,892,892,892),(893,893,893,893),(894,894,894,894),(895,895,895,895),(896,896,896,896),(897,897,897,897),(898,898,898,898),(899,899,899,899),(900,900,900,900),(901,901,901,901),(902,902,902,902),(903,903,903,903),(904,904,904,904),(905,905,905,905),(906,906,906,906),(907,907,907,907),(908,908,908,908),(909,909,909,909),(910,910,910,910),(911,911,911,911),(912,912,912,912),(913,913,913,913),(914,914,914,914),(915,915,915,915),(916,916,916,916),(917,917,917,917),(918,918,918,918),(919,919,919,919),(920,920,920,920),(921,921,921,921),(922,922,922,922),(923,923,923,923),(924,924,924,924),(925,925,925,925),(926,926,926,926),(927,927,927,927),(928,928,928,928),(929,929,929,929),(930,930,930,930),(931,931,931,931),(932,932,932,932),(933,933,933,933),(934,934,934,934),(935,935,935,935),(936,936,936,936),(937,937,937,937),(938,938,938,938),(939,939,939,939),(940,940,940,940),(941,941,941,941),(942,942,942,942),(943,943,943,943),(944,944,944,944),(945,945,945,945),(946,946,946,946),(947,947,947,947),(948,948,948,948),(949,949,949,949),(950,950,950,950),(951,951,951,951),(952,952,952,952),(953,953,953,953),(954,954,954,954),(955,955,955,955),(956,956,956,956),(957,957,957,957),(958,958,958,958),(959,959,959,959),(960,960,960,960),(961,961,961,961),(962,962,962,962),(963,963,963,963),(964,964,964,964),(965,965,965,965),(966,966,966,966),(967,967,967,967),(968,968,968,968),(969,969,969,969),(970,970,970,970),(971,971,971,971),(972,972,972,972),(973,973,973,973),(974,974,974,974),(975,975,975,975),(976,976,976,976),(977,977,977,977),(978,978,978,978),(979,979,979,979),(980,980,980,980),(981,981,981,981),(982,982,982,982),(983,983,983,983),(984,984,984,984),(985,985,985,985),(986,986,986,986),(987,987,987,987),(988,988,988,988),(989,989,989,989),(990,990,990,990),(991,991,991,991),(992,992,992,992),(993,993,993,993),(994,994,994,994),(995,995,995,995),(996,996,996,996),(997,997,997,997),(998,998,998,998),(999,999,999,999),(1000,1000,1000,1000);
/*!40000 ALTER TABLE `document` ENABLE KEYS */;
UNLOCK TABLES;

--
-- Table structure for table `ostatok`
--

DROP TABLE IF EXISTS `ostatok`;
/*!40101 SET @saved_cs_client     = @@character_set_client */;
 SET character_set_client = utf8mb4 ;
CREATE TABLE `ostatok` (
  `id_ostatok` int(11) NOT NULL AUTO_INCREMENT,
  `name` decimal(6,2) DEFAULT NULL,
  PRIMARY KEY (`id_ostatok`)
) ENGINE=MyISAM AUTO_INCREMENT=1001 DEFAULT CHARSET=utf8mb4 COLLATE=utf8mb4_0900_ai_ci;
/*!40101 SET character_set_client = @saved_cs_client */;

--
-- Dumping data for table `ostatok`
--

LOCK TABLES `ostatok` WRITE;
/*!40000 ALTER TABLE `ostatok` DISABLE KEYS */;
INSERT INTO `ostatok` VALUES (1,8999.50),(2,8999.00),(3,8998.50),(4,8998.00),(5,8997.50),(6,8997.00),(7,8996.50),(8,8996.00),(9,8995.50),(10,8995.00),(11,8994.50),(12,8994.00),(13,8993.50),(14,8993.00),(15,8992.50),(16,8992.00),(17,8991.50),(18,8991.00),(19,8990.50),(20,8990.00),(21,8989.50),(22,8989.00),(23,8988.50),(24,8988.00),(25,8987.50),(26,8987.00),(27,8986.50),(28,8986.00),(29,8985.50),(30,8985.00),(31,8984.50),(32,8984.00),(33,8983.50),(34,8983.00),(35,8982.50),(36,8982.00),(37,8981.50),(38,8981.00),(39,8980.50),(40,8980.00),(41,8979.50),(42,8979.00),(43,8978.50),(44,8978.00),(45,8977.50),(46,8977.00),(47,8976.50),(48,8976.00),(49,8975.50),(50,8975.00),(51,8974.50),(52,8974.00),(53,8973.50),(54,8973.00),(55,8972.50),(56,8972.00),(57,8971.50),(58,8971.00),(59,8970.50),(60,8970.00),(61,8969.50),(62,8969.00),(63,8968.50),(64,8968.00),(65,8967.50),(66,8967.00),(67,8966.50),(68,8966.00),(69,8965.50),(70,8965.00),(71,8964.50),(72,8964.00),(73,8963.50),(74,8963.00),(75,8962.50),(76,8962.00),(77,8961.50),(78,8961.00),(79,8960.50),(80,8960.00),(81,8959.50),(82,8959.00),(83,8958.50),(84,8958.00),(85,8957.50),(86,8957.00),(87,8956.50),(88,8956.00),(89,8955.50),(90,8955.00),(91,8954.50),(92,8954.00),(93,8953.50),(94,8953.00),(95,8952.50),(96,8952.00),(97,8951.50),(98,8951.00),(99,8950.50),(100,8950.00),(101,8949.50),(102,8949.00),(103,8948.50),(104,8948.00),(105,8947.50),(106,8947.00),(107,8946.50),(108,8946.00),(109,8945.50),(110,8945.00),(111,8944.50),(112,8944.00),(113,8943.50),(114,8943.00),(115,8942.50),(116,8942.00),(117,8941.50),(118,8941.00),(119,8940.50),(120,8940.00),(121,8939.50),(122,8939.00),(123,8938.50),(124,8938.00),(125,8937.50),(126,8937.00),(127,8936.50),(128,8936.00),(129,8935.50),(130,8935.00),(131,8934.50),(132,8934.00),(133,8933.50),(134,8933.00),(135,8932.50),(136,8932.00),(137,8931.50),(138,8931.00),(139,8930.50),(140,8930.00),(141,8929.50),(142,8929.00),(143,8928.50),(144,8928.00),(145,8927.50),(146,8927.00),(147,8926.50),(148,8926.00),(149,8925.50),(150,8925.00),(151,8924.50),(152,8924.00),(153,8923.50),(154,8923.00),(155,8922.50),(156,8922.00),(157,8921.50),(158,8921.00),(159,8920.50),(160,8920.00),(161,8919.50),(162,8919.00),(163,8918.50),(164,8918.00),(165,8917.50),(166,8917.00),(167,8916.50),(168,8916.00),(169,8915.50),(170,8915.00),(171,8914.50),(172,8914.00),(173,8913.50),(174,8913.00),(175,8912.50),(176,8912.00),(177,8911.50),(178,8911.00),(179,8910.50),(180,8910.00),(181,8909.50),(182,8909.00),(183,8908.50),(184,8908.00),(185,8907.50),(186,8907.00),(187,8906.50),(188,8906.00),(189,8905.50),(190,8905.00),(191,8904.50),(192,8904.00),(193,8903.50),(194,8903.00),(195,8902.50),(196,8902.00),(197,8901.50),(198,8901.00),(199,8900.50),(200,8900.00),(201,8899.50),(202,8899.00),(203,8898.50),(204,8898.00),(205,8897.50),(206,8897.00),(207,8896.50),(208,8896.00),(209,8895.50),(210,8895.00),(211,8894.50),(212,8894.00),(213,8893.50),(214,8893.00),(215,8892.50),(216,8892.00),(217,8891.50),(218,8891.00),(219,8890.50),(220,8890.00),(221,8889.50),(222,8889.00),(223,8888.50),(224,8888.00),(225,8887.50),(226,8887.00),(227,8886.50),(228,8886.00),(229,8885.50),(230,8885.00),(231,8884.50),(232,8884.00),(233,8883.50),(234,8883.00),(235,8882.50),(236,8882.00),(237,8881.50),(238,8881.00),(239,8880.50),(240,8880.00),(241,8879.50),(242,8879.00),(243,8878.50),(244,8878.00),(245,8877.50),(246,8877.00),(247,8876.50),(248,8876.00),(249,8875.50),(250,8875.00),(251,8874.50),(252,8874.00),(253,8873.50),(254,8873.00),(255,8872.50),(256,8872.00),(257,8871.50),(258,8871.00),(259,8870.50),(260,8870.00),(261,8869.50),(262,8869.00),(263,8868.50),(264,8868.00),(265,8867.50),(266,8867.00),(267,8866.50),(268,8866.00),(269,8865.50),(270,8865.00),(271,8864.50),(272,8864.00),(273,8863.50),(274,8863.00),(275,8862.50),(276,8862.00),(277,8861.50),(278,8861.00),(279,8860.50),(280,8860.00),(281,8859.50),(282,8859.00),(283,8858.50),(284,8858.00),(285,8857.50),(286,8857.00),(287,8856.50),(288,8856.00),(289,8855.50),(290,8855.00),(291,8854.50),(292,8854.00),(293,8853.50),(294,8853.00),(295,8852.50),(296,8852.00),(297,8851.50),(298,8851.00),(299,8850.50),(300,8850.00),(301,8849.50),(302,8849.00),(303,8848.50),(304,8848.00),(305,8847.50),(306,8847.00),(307,8846.50),(308,8846.00),(309,8845.50),(310,8845.00),(311,8844.50),(312,8844.00),(313,8843.50),(314,8843.00),(315,8842.50),(316,8842.00),(317,8841.50),(318,8841.00),(319,8840.50),(320,8840.00),(321,8839.50),(322,8839.00),(323,8838.50),(324,8838.00),(325,8837.50),(326,8837.00),(327,8836.50),(328,8836.00),(329,8835.50),(330,8835.00),(331,8834.50),(332,8834.00),(333,8833.50),(334,8833.00),(335,8832.50),(336,8832.00),(337,8831.50),(338,8831.00),(339,8830.50),(340,8830.00),(341,8829.50),(342,8829.00),(343,8828.50),(344,8828.00),(345,8827.50),(346,8827.00),(347,8826.50),(348,8826.00),(349,8825.50),(350,8825.00),(351,8824.50),(352,8824.00),(353,8823.50),(354,8823.00),(355,8822.50),(356,8822.00),(357,8821.50),(358,8821.00),(359,8820.50),(360,8820.00),(361,8819.50),(362,8819.00),(363,8818.50),(364,8818.00),(365,8817.50),(366,8817.00),(367,8816.50),(368,8816.00),(369,8815.50),(370,8815.00),(371,8814.50),(372,8814.00),(373,8813.50),(374,8813.00),(375,8812.50),(376,8812.00),(377,8811.50),(378,8811.00),(379,8810.50),(380,8810.00),(381,8809.50),(382,8809.00),(383,8808.50),(384,8808.00),(385,8807.50),(386,8807.00),(387,8806.50),(388,8806.00),(389,8805.50),(390,8805.00),(391,8804.50),(392,8804.00),(393,8803.50),(394,8803.00),(395,8802.50),(396,8802.00),(397,8801.50),(398,8801.00),(399,8800.50),(400,8800.00),(401,8799.50),(402,8799.00),(403,8798.50),(404,8798.00),(405,8797.50),(406,8797.00),(407,8796.50),(408,8796.00),(409,8795.50),(410,8795.00),(411,8794.50),(412,8794.00),(413,8793.50),(414,8793.00),(415,8792.50),(416,8792.00),(417,8791.50),(418,8791.00),(419,8790.50),(420,8790.00),(421,8789.50),(422,8789.00),(423,8788.50),(424,8788.00),(425,8787.50),(426,8787.00),(427,8786.50),(428,8786.00),(429,8785.50),(430,8785.00),(431,8784.50),(432,8784.00),(433,8783.50),(434,8783.00),(435,8782.50),(436,8782.00),(437,8781.50),(438,8781.00),(439,8780.50),(440,8780.00),(441,8779.50),(442,8779.00),(443,8778.50),(444,8778.00),(445,8777.50),(446,8777.00),(447,8776.50),(448,8776.00),(449,8775.50),(450,8775.00),(451,8774.50),(452,8774.00),(453,8773.50),(454,8773.00),(455,8772.50),(456,8772.00),(457,8771.50),(458,8771.00),(459,8770.50),(460,8770.00),(461,8769.50),(462,8769.00),(463,8768.50),(464,8768.00),(465,8767.50),(466,8767.00),(467,8766.50),(468,8766.00),(469,8765.50),(470,8765.00),(471,8764.50),(472,8764.00),(473,8763.50),(474,8763.00),(475,8762.50),(476,8762.00),(477,8761.50),(478,8761.00),(479,8760.50),(480,8760.00),(481,8759.50),(482,8759.00),(483,8758.50),(484,8758.00),(485,8757.50),(486,8757.00),(487,8756.50),(488,8756.00),(489,8755.50),(490,8755.00),(491,8754.50),(492,8754.00),(493,8753.50),(494,8753.00),(495,8752.50),(496,8752.00),(497,8751.50),(498,8751.00),(499,8750.50),(500,8750.00),(501,8749.50),(502,8749.00),(503,8748.50),(504,8748.00),(505,8747.50),(506,8747.00),(507,8746.50),(508,8746.00),(509,8745.50),(510,8745.00),(511,8744.50),(512,8744.00),(513,8743.50),(514,8743.00),(515,8742.50),(516,8742.00),(517,8741.50),(518,8741.00),(519,8740.50),(520,8740.00),(521,8739.50),(522,8739.00),(523,8738.50),(524,8738.00),(525,8737.50),(526,8737.00),(527,8736.50),(528,8736.00),(529,8735.50),(530,8735.00),(531,8734.50),(532,8734.00),(533,8733.50),(534,8733.00),(535,8732.50),(536,8732.00),(537,8731.50),(538,8731.00),(539,8730.50),(540,8730.00),(541,8729.50),(542,8729.00),(543,8728.50),(544,8728.00),(545,8727.50),(546,8727.00),(547,8726.50),(548,8726.00),(549,8725.50),(550,8725.00),(551,8724.50),(552,8724.00),(553,8723.50),(554,8723.00),(555,8722.50),(556,8722.00),(557,8721.50),(558,8721.00),(559,8720.50),(560,8720.00),(561,8719.50),(562,8719.00),(563,8718.50),(564,8718.00),(565,8717.50),(566,8717.00),(567,8716.50),(568,8716.00),(569,8715.50),(570,8715.00),(571,8714.50),(572,8714.00),(573,8713.50),(574,8713.00),(575,8712.50),(576,8712.00),(577,8711.50),(578,8711.00),(579,8710.50),(580,8710.00),(581,8709.50),(582,8709.00),(583,8708.50),(584,8708.00),(585,8707.50),(586,8707.00),(587,8706.50),(588,8706.00),(589,8705.50),(590,8705.00),(591,8704.50),(592,8704.00),(593,8703.50),(594,8703.00),(595,8702.50),(596,8702.00),(597,8701.50),(598,8701.00),(599,8700.50),(600,8700.00),(601,8699.50),(602,8699.00),(603,8698.50),(604,8698.00),(605,8697.50),(606,8697.00),(607,8696.50),(608,8696.00),(609,8695.50),(610,8695.00),(611,8694.50),(612,8694.00),(613,8693.50),(614,8693.00),(615,8692.50),(616,8692.00),(617,8691.50),(618,8691.00),(619,8690.50),(620,8690.00),(621,8689.50),(622,8689.00),(623,8688.50),(624,8688.00),(625,8687.50),(626,8687.00),(627,8686.50),(628,8686.00),(629,8685.50),(630,8685.00),(631,8684.50),(632,8684.00),(633,8683.50),(634,8683.00),(635,8682.50),(636,8682.00),(637,8681.50),(638,8681.00),(639,8680.50),(640,8680.00),(641,8679.50),(642,8679.00),(643,8678.50),(644,8678.00),(645,8677.50),(646,8677.00),(647,8676.50),(648,8676.00),(649,8675.50),(650,8675.00),(651,8674.50),(652,8674.00),(653,8673.50),(654,8673.00),(655,8672.50),(656,8672.00),(657,8671.50),(658,8671.00),(659,8670.50),(660,8670.00),(661,8669.50),(662,8669.00),(663,8668.50),(664,8668.00),(665,8667.50),(666,8667.00),(667,8666.50),(668,8666.00),(669,8665.50),(670,8665.00),(671,8664.50),(672,8664.00),(673,8663.50),(674,8663.00),(675,8662.50),(676,8662.00),(677,8661.50),(678,8661.00),(679,8660.50),(680,8660.00),(681,8659.50),(682,8659.00),(683,8658.50),(684,8658.00),(685,8657.50),(686,8657.00),(687,8656.50),(688,8656.00),(689,8655.50),(690,8655.00),(691,8654.50),(692,8654.00),(693,8653.50),(694,8653.00),(695,8652.50),(696,8652.00),(697,8651.50),(698,8651.00),(699,8650.50),(700,8650.00),(701,8649.50),(702,8649.00),(703,8648.50),(704,8648.00),(705,8647.50),(706,8647.00),(707,8646.50),(708,8646.00),(709,8645.50),(710,8645.00),(711,8644.50),(712,8644.00),(713,8643.50),(714,8643.00),(715,8642.50),(716,8642.00),(717,8641.50),(718,8641.00),(719,8640.50),(720,8640.00),(721,8639.50),(722,8639.00),(723,8638.50),(724,8638.00),(725,8637.50),(726,8637.00),(727,8636.50),(728,8636.00),(729,8635.50),(730,8635.00),(731,8634.50),(732,8634.00),(733,8633.50),(734,8633.00),(735,8632.50),(736,8632.00),(737,8631.50),(738,8631.00),(739,8630.50),(740,8630.00),(741,8629.50),(742,8629.00),(743,8628.50),(744,8628.00),(745,8627.50),(746,8627.00),(747,8626.50),(748,8626.00),(749,8625.50),(750,8625.00),(751,8624.50),(752,8624.00),(753,8623.50),(754,8623.00),(755,8622.50),(756,8622.00),(757,8621.50),(758,8621.00),(759,8620.50),(760,8620.00),(761,8619.50),(762,8619.00),(763,8618.50),(764,8618.00),(765,8617.50),(766,8617.00),(767,8616.50),(768,8616.00),(769,8615.50),(770,8615.00),(771,8614.50),(772,8614.00),(773,8613.50),(774,8613.00),(775,8612.50),(776,8612.00),(777,8611.50),(778,8611.00),(779,8610.50),(780,8610.00),(781,8609.50),(782,8609.00),(783,8608.50),(784,8608.00),(785,8607.50),(786,8607.00),(787,8606.50),(788,8606.00),(789,8605.50),(790,8605.00),(791,8604.50),(792,8604.00),(793,8603.50),(794,8603.00),(795,8602.50),(796,8602.00),(797,8601.50),(798,8601.00),(799,8600.50),(800,8600.00),(801,8599.50),(802,8599.00),(803,8598.50),(804,8598.00),(805,8597.50),(806,8597.00),(807,8596.50),(808,8596.00),(809,8595.50),(810,8595.00),(811,8594.50),(812,8594.00),(813,8593.50),(814,8593.00),(815,8592.50),(816,8592.00),(817,8591.50),(818,8591.00),(819,8590.50),(820,8590.00),(821,8589.50),(822,8589.00),(823,8588.50),(824,8588.00),(825,8587.50),(826,8587.00),(827,8586.50),(828,8586.00),(829,8585.50),(830,8585.00),(831,8584.50),(832,8584.00),(833,8583.50),(834,8583.00),(835,8582.50),(836,8582.00),(837,8581.50),(838,8581.00),(839,8580.50),(840,8580.00),(841,8579.50),(842,8579.00),(843,8578.50),(844,8578.00),(845,8577.50),(846,8577.00),(847,8576.50),(848,8576.00),(849,8575.50),(850,8575.00),(851,8574.50),(852,8574.00),(853,8573.50),(854,8573.00),(855,8572.50),(856,8572.00),(857,8571.50),(858,8571.00),(859,8570.50),(860,8570.00),(861,8569.50),(862,8569.00),(863,8568.50),(864,8568.00),(865,8567.50),(866,8567.00),(867,8566.50),(868,8566.00),(869,8565.50),(870,8565.00),(871,8564.50),(872,8564.00),(873,8563.50),(874,8563.00),(875,8562.50),(876,8562.00),(877,8561.50),(878,8561.00),(879,8560.50),(880,8560.00),(881,8559.50),(882,8559.00),(883,8558.50),(884,8558.00),(885,8557.50),(886,8557.00),(887,8556.50),(888,8556.00),(889,8555.50),(890,8555.00),(891,8554.50),(892,8554.00),(893,8553.50),(894,8553.00),(895,8552.50),(896,8552.00),(897,8551.50),(898,8551.00),(899,8550.50),(900,8550.00),(901,8549.50),(902,8549.00),(903,8548.50),(904,8548.00),(905,8547.50),(906,8547.00),(907,8546.50),(908,8546.00),(909,8545.50),(910,8545.00),(911,8544.50),(912,8544.00),(913,8543.50),(914,8543.00),(915,8542.50),(916,8542.00),(917,8541.50),(918,8541.00),(919,8540.50),(920,8540.00),(921,8539.50),(922,8539.00),(923,8538.50),(924,8538.00),(925,8537.50),(926,8537.00),(927,8536.50),(928,8536.00),(929,8535.50),(930,8535.00),(931,8534.50),(932,8534.00),(933,8533.50),(934,8533.00),(935,8532.50),(936,8532.00),(937,8531.50),(938,8531.00),(939,8530.50),(940,8530.00),(941,8529.50),(942,8529.00),(943,8528.50),(944,8528.00),(945,8527.50),(946,8527.00),(947,8526.50),(948,8526.00),(949,8525.50),(950,8525.00),(951,8524.50),(952,8524.00),(953,8523.50),(954,8523.00),(955,8522.50),(956,8522.00),(957,8521.50),(958,8521.00),(959,8520.50),(960,8520.00),(961,8519.50),(962,8519.00),(963,8518.50),(964,8518.00),(965,8517.50),(966,8517.00),(967,8516.50),(968,8516.00),(969,8515.50),(970,8515.00),(971,8514.50),(972,8514.00),(973,8513.50),(974,8513.00),(975,8512.50),(976,8512.00),(977,8511.50),(978,8511.00),(979,8510.50),(980,8510.00),(981,8509.50),(982,8509.00),(983,8508.50),(984,8508.00),(985,8507.50),(986,8507.00),(987,8506.50),(988,8506.00),(989,8505.50),(990,8505.00),(991,8504.50),(992,8504.00),(993,8503.50),(994,8503.00),(995,8502.50),(996,8502.00),(997,8501.50),(998,8501.00),(999,8500.50),(1000,8500.00);
/*!40000 ALTER TABLE `ostatok` ENABLE KEYS */;
UNLOCK TABLES;

--
-- Table structure for table `price`
--

DROP TABLE IF EXISTS `price`;
/*!40101 SET @saved_cs_client     = @@character_set_client */;
 SET character_set_client = utf8mb4 ;
CREATE TABLE `price` (
  `id_price` int(11) NOT NULL AUTO_INCREMENT,
  `name` decimal(7,2) DEFAULT NULL,
  PRIMARY KEY (`id_price`)
) ENGINE=MyISAM AUTO_INCREMENT=1001 DEFAULT CHARSET=utf8mb4 COLLATE=utf8mb4_0900_ai_ci;
/*!40101 SET character_set_client = @saved_cs_client */;

--
-- Dumping data for table `price`
--

LOCK TABLES `price` WRITE;
/*!40000 ALTER TABLE `price` DISABLE KEYS */;
INSERT INTO `price` VALUES (1,0.50),(2,0.50),(3,0.50),(4,0.50),(5,0.50),(6,0.50),(7,0.50),(8,0.50),(9,0.50),(10,0.50),(11,0.50),(12,0.50),(13,0.50),(14,0.50),(15,0.50),(16,0.50),(17,0.50),(18,0.50),(19,0.50),(20,0.50),(21,0.50),(22,0.50),(23,0.50),(24,0.50),(25,0.50),(26,0.50),(27,0.50),(28,0.50),(29,0.50),(30,0.50),(31,0.50),(32,0.50),(33,0.50),(34,0.50),(35,0.50),(36,0.50),(37,0.50),(38,0.50),(39,0.50),(40,0.50),(41,0.50),(42,0.50),(43,0.50),(44,0.50),(45,0.50),(46,0.50),(47,0.50),(48,0.50),(49,0.50),(50,0.50),(51,0.50),(52,0.50),(53,0.50),(54,0.50),(55,0.50),(56,0.50),(57,0.50),(58,0.50),(59,0.50),(60,0.50),(61,0.50),(62,0.50),(63,0.50),(64,0.50),(65,0.50),(66,0.50),(67,0.50),(68,0.50),(69,0.50),(70,0.50),(71,0.50),(72,0.50),(73,0.50),(74,0.50),(75,0.50),(76,0.50),(77,0.50),(78,0.50),(79,0.50),(80,0.50),(81,0.50),(82,0.50),(83,0.50),(84,0.50),(85,0.50),(86,0.50),(87,0.50),(88,0.50),(89,0.50),(90,0.50),(91,0.50),(92,0.50),(93,0.50),(94,0.50),(95,0.50),(96,0.50),(97,0.50),(98,0.50),(99,0.50),(100,0.50),(101,0.50),(102,0.50),(103,0.50),(104,0.50),(105,0.50),(106,0.50),(107,0.50),(108,0.50),(109,0.50),(110,0.50),(111,0.50),(112,0.50),(113,0.50),(114,0.50),(115,0.50),(116,0.50),(117,0.50),(118,0.50),(119,0.50),(120,0.50),(121,0.50),(122,0.50),(123,0.50),(124,0.50),(125,0.50),(126,0.50),(127,0.50),(128,0.50),(129,0.50),(130,0.50),(131,0.50),(132,0.50),(133,0.50),(134,0.50),(135,0.50),(136,0.50),(137,0.50),(138,0.50),(139,0.50),(140,0.50),(141,0.50),(142,0.50),(143,0.50),(144,0.50),(145,0.50),(146,0.50),(147,0.50),(148,0.50),(149,0.50),(150,0.50),(151,0.50),(152,0.50),(153,0.50),(154,0.50),(155,0.50),(156,0.50),(157,0.50),(158,0.50),(159,0.50),(160,0.50),(161,0.50),(162,0.50),(163,0.50),(164,0.50),(165,0.50),(166,0.50),(167,0.50),(168,0.50),(169,0.50),(170,0.50),(171,0.50),(172,0.50),(173,0.50),(174,0.50),(175,0.50),(176,0.50),(177,0.50),(178,0.50),(179,0.50),(180,0.50),(181,0.50),(182,0.50),(183,0.50),(184,0.50),(185,0.50),(186,0.50),(187,0.50),(188,0.50),(189,0.50),(190,0.50),(191,0.50),(192,0.50),(193,0.50),(194,0.50),(195,0.50),(196,0.50),(197,0.50),(198,0.50),(199,0.50),(200,0.50),(201,0.50),(202,0.50),(203,0.50),(204,0.50),(205,0.50),(206,0.50),(207,0.50),(208,0.50),(209,0.50),(210,0.50),(211,0.50),(212,0.50),(213,0.50),(214,0.50),(215,0.50),(216,0.50),(217,0.50),(218,0.50),(219,0.50),(220,0.50),(221,0.50),(222,0.50),(223,0.50),(224,0.50),(225,0.50),(226,0.50),(227,0.50),(228,0.50),(229,0.50),(230,0.50),(231,0.50),(232,0.50),(233,0.50),(234,0.50),(235,0.50),(236,0.50),(237,0.50),(238,0.50),(239,0.50),(240,0.50),(241,0.50),(242,0.50),(243,0.50),(244,0.50),(245,0.50),(246,0.50),(247,0.50),(248,0.50),(249,0.50),(250,0.50),(251,0.50),(252,0.50),(253,0.50),(254,0.50),(255,0.50),(256,0.50),(257,0.50),(258,0.50),(259,0.50),(260,0.50),(261,0.50),(262,0.50),(263,0.50),(264,0.50),(265,0.50),(266,0.50),(267,0.50),(268,0.50),(269,0.50),(270,0.50),(271,0.50),(272,0.50),(273,0.50),(274,0.50),(275,0.50),(276,0.50),(277,0.50),(278,0.50),(279,0.50),(280,0.50),(281,0.50),(282,0.50),(283,0.50),(284,0.50),(285,0.50),(286,0.50),(287,0.50),(288,0.50),(289,0.50),(290,0.50),(291,0.50),(292,0.50),(293,0.50),(294,0.50),(295,0.50),(296,0.50),(297,0.50),(298,0.50),(299,0.50),(300,0.50),(301,0.50),(302,0.50),(303,0.50),(304,0.50),(305,0.50),(306,0.50),(307,0.50),(308,0.50),(309,0.50),(310,0.50),(311,0.50),(312,0.50),(313,0.50),(314,0.50),(315,0.50),(316,0.50),(317,0.50),(318,0.50),(319,0.50),(320,0.50),(321,0.50),(322,0.50),(323,0.50),(324,0.50),(325,0.50),(326,0.50),(327,0.50),(328,0.50),(329,0.50),(330,0.50),(331,0.50),(332,0.50),(333,0.50),(334,0.50),(335,0.50),(336,0.50),(337,0.50),(338,0.50),(339,0.50),(340,0.50),(341,0.50),(342,0.50),(343,0.50),(344,0.50),(345,0.50),(346,0.50),(347,0.50),(348,0.50),(349,0.50),(350,0.50),(351,0.50),(352,0.50),(353,0.50),(354,0.50),(355,0.50),(356,0.50),(357,0.50),(358,0.50),(359,0.50),(360,0.50),(361,0.50),(362,0.50),(363,0.50),(364,0.50),(365,0.50),(366,0.50),(367,0.50),(368,0.50),(369,0.50),(370,0.50),(371,0.50),(372,0.50),(373,0.50),(374,0.50),(375,0.50),(376,0.50),(377,0.50),(378,0.50),(379,0.50),(380,0.50),(381,0.50),(382,0.50),(383,0.50),(384,0.50),(385,0.50),(386,0.50),(387,0.50),(388,0.50),(389,0.50),(390,0.50),(391,0.50),(392,0.50),(393,0.50),(394,0.50),(395,0.50),(396,0.50),(397,0.50),(398,0.50),(399,0.50),(400,0.50),(401,0.50),(402,0.50),(403,0.50),(404,0.50),(405,0.50),(406,0.50),(407,0.50),(408,0.50),(409,0.50),(410,0.50),(411,0.50),(412,0.50),(413,0.50),(414,0.50),(415,0.50),(416,0.50),(417,0.50),(418,0.50),(419,0.50),(420,0.50),(421,0.50),(422,0.50),(423,0.50),(424,0.50),(425,0.50),(426,0.50),(427,0.50),(428,0.50),(429,0.50),(430,0.50),(431,0.50),(432,0.50),(433,0.50),(434,0.50),(435,0.50),(436,0.50),(437,0.50),(438,0.50),(439,0.50),(440,0.50),(441,0.50),(442,0.50),(443,0.50),(444,0.50),(445,0.50),(446,0.50),(447,0.50),(448,0.50),(449,0.50),(450,0.50),(451,0.50),(452,0.50),(453,0.50),(454,0.50),(455,0.50),(456,0.50),(457,0.50),(458,0.50),(459,0.50),(460,0.50),(461,0.50),(462,0.50),(463,0.50),(464,0.50),(465,0.50),(466,0.50),(467,0.50),(468,0.50),(469,0.50),(470,0.50),(471,0.50),(472,0.50),(473,0.50),(474,0.50),(475,0.50),(476,0.50),(477,0.50),(478,0.50),(479,0.50),(480,0.50),(481,0.50),(482,0.50),(483,0.50),(484,0.50),(485,0.50),(486,0.50),(487,0.50),(488,0.50),(489,0.50),(490,0.50),(491,0.50),(492,0.50),(493,0.50),(494,0.50),(495,0.50),(496,0.50),(497,0.50),(498,0.50),(499,0.50),(500,0.50),(501,0.50),(502,0.50),(503,0.50),(504,0.50),(505,0.50),(506,0.50),(507,0.50),(508,0.50),(509,0.50),(510,0.50),(511,0.50),(512,0.50),(513,0.50),(514,0.50),(515,0.50),(516,0.50),(517,0.50),(518,0.50),(519,0.50),(520,0.50),(521,0.50),(522,0.50),(523,0.50),(524,0.50),(525,0.50),(526,0.50),(527,0.50),(528,0.50),(529,0.50),(530,0.50),(531,0.50),(532,0.50),(533,0.50),(534,0.50),(535,0.50),(536,0.50),(537,0.50),(538,0.50),(539,0.50),(540,0.50),(541,0.50),(542,0.50),(543,0.50),(544,0.50),(545,0.50),(546,0.50),(547,0.50),(548,0.50),(549,0.50),(550,0.50),(551,0.50),(552,0.50),(553,0.50),(554,0.50),(555,0.50),(556,0.50),(557,0.50),(558,0.50),(559,0.50),(560,0.50),(561,0.50),(562,0.50),(563,0.50),(564,0.50),(565,0.50),(566,0.50),(567,0.50),(568,0.50),(569,0.50),(570,0.50),(571,0.50),(572,0.50),(573,0.50),(574,0.50),(575,0.50),(576,0.50),(577,0.50),(578,0.50),(579,0.50),(580,0.50),(581,0.50),(582,0.50),(583,0.50),(584,0.50),(585,0.50),(586,0.50),(587,0.50),(588,0.50),(589,0.50),(590,0.50),(591,0.50),(592,0.50),(593,0.50),(594,0.50),(595,0.50),(596,0.50),(597,0.50),(598,0.50),(599,0.50),(600,0.50),(601,0.50),(602,0.50),(603,0.50),(604,0.50),(605,0.50),(606,0.50),(607,0.50),(608,0.50),(609,0.50),(610,0.50),(611,0.50),(612,0.50),(613,0.50),(614,0.50),(615,0.50),(616,0.50),(617,0.50),(618,0.50),(619,0.50),(620,0.50),(621,0.50),(622,0.50),(623,0.50),(624,0.50),(625,0.50),(626,0.50),(627,0.50),(628,0.50),(629,0.50),(630,0.50),(631,0.50),(632,0.50),(633,0.50),(634,0.50),(635,0.50),(636,0.50),(637,0.50),(638,0.50),(639,0.50),(640,0.50),(641,0.50),(642,0.50),(643,0.50),(644,0.50),(645,0.50),(646,0.50),(647,0.50),(648,0.50),(649,0.50),(650,0.50),(651,0.50),(652,0.50),(653,0.50),(654,0.50),(655,0.50),(656,0.50),(657,0.50),(658,0.50),(659,0.50),(660,0.50),(661,0.50),(662,0.50),(663,0.50),(664,0.50),(665,0.50),(666,0.50),(667,0.50),(668,0.50),(669,0.50),(670,0.50),(671,0.50),(672,0.50),(673,0.50),(674,0.50),(675,0.50),(676,0.50),(677,0.50),(678,0.50),(679,0.50),(680,0.50),(681,0.50),(682,0.50),(683,0.50),(684,0.50),(685,0.50),(686,0.50),(687,0.50),(688,0.50),(689,0.50),(690,0.50),(691,0.50),(692,0.50),(693,0.50),(694,0.50),(695,0.50),(696,0.50),(697,0.50),(698,0.50),(699,0.50),(700,0.50),(701,0.50),(702,0.50),(703,0.50),(704,0.50),(705,0.50),(706,0.50),(707,0.50),(708,0.50),(709,0.50),(710,0.50),(711,0.50),(712,0.50),(713,0.50),(714,0.50),(715,0.50),(716,0.50),(717,0.50),(718,0.50),(719,0.50),(720,0.50),(721,0.50),(722,0.50),(723,0.50),(724,0.50),(725,0.50),(726,0.50),(727,0.50),(728,0.50),(729,0.50),(730,0.50),(731,0.50),(732,0.50),(733,0.50),(734,0.50),(735,0.50),(736,0.50),(737,0.50),(738,0.50),(739,0.50),(740,0.50),(741,0.50),(742,0.50),(743,0.50),(744,0.50),(745,0.50),(746,0.50),(747,0.50),(748,0.50),(749,0.50),(750,0.50),(751,0.50),(752,0.50),(753,0.50),(754,0.50),(755,0.50),(756,0.50),(757,0.50),(758,0.50),(759,0.50),(760,0.50),(761,0.50),(762,0.50),(763,0.50),(764,0.50),(765,0.50),(766,0.50),(767,0.50),(768,0.50),(769,0.50),(770,0.50),(771,0.50),(772,0.50),(773,0.50),(774,0.50),(775,0.50),(776,0.50),(777,0.50),(778,0.50),(779,0.50),(780,0.50),(781,0.50),(782,0.50),(783,0.50),(784,0.50),(785,0.50),(786,0.50),(787,0.50),(788,0.50),(789,0.50),(790,0.50),(791,0.50),(792,0.50),(793,0.50),(794,0.50),(795,0.50),(796,0.50),(797,0.50),(798,0.50),(799,0.50),(800,0.50),(801,0.50),(802,0.50),(803,0.50),(804,0.50),(805,0.50),(806,0.50),(807,0.50),(808,0.50),(809,0.50),(810,0.50),(811,0.50),(812,0.50),(813,0.50),(814,0.50),(815,0.50),(816,0.50),(817,0.50),(818,0.50),(819,0.50),(820,0.50),(821,0.50),(822,0.50),(823,0.50),(824,0.50),(825,0.50),(826,0.50),(827,0.50),(828,0.50),(829,0.50),(830,0.50),(831,0.50),(832,0.50),(833,0.50),(834,0.50),(835,0.50),(836,0.50),(837,0.50),(838,0.50),(839,0.50),(840,0.50),(841,0.50),(842,0.50),(843,0.50),(844,0.50),(845,0.50),(846,0.50),(847,0.50),(848,0.50),(849,0.50),(850,0.50),(851,0.50),(852,0.50),(853,0.50),(854,0.50),(855,0.50),(856,0.50),(857,0.50),(858,0.50),(859,0.50),(860,0.50),(861,0.50),(862,0.50),(863,0.50),(864,0.50),(865,0.50),(866,0.50),(867,0.50),(868,0.50),(869,0.50),(870,0.50),(871,0.50),(872,0.50),(873,0.50),(874,0.50),(875,0.50),(876,0.50),(877,0.50),(878,0.50),(879,0.50),(880,0.50),(881,0.50),(882,0.50),(883,0.50),(884,0.50),(885,0.50),(886,0.50),(887,0.50),(888,0.50),(889,0.50),(890,0.50),(891,0.50),(892,0.50),(893,0.50),(894,0.50),(895,0.50),(896,0.50),(897,0.50),(898,0.50),(899,0.50),(900,0.50),(901,0.50),(902,0.50),(903,0.50),(904,0.50),(905,0.50),(906,0.50),(907,0.50),(908,0.50),(909,0.50),(910,0.50),(911,0.50),(912,0.50),(913,0.50),(914,0.50),(915,0.50),(916,0.50),(917,0.50),(918,0.50),(919,0.50),(920,0.50),(921,0.50),(922,0.50),(923,0.50),(924,0.50),(925,0.50),(926,0.50),(927,0.50),(928,0.50),(929,0.50),(930,0.50),(931,0.50),(932,0.50),(933,0.50),(934,0.50),(935,0.50),(936,0.50),(937,0.50),(938,0.50),(939,0.50),(940,0.50),(941,0.50),(942,0.50),(943,0.50),(944,0.50),(945,0.50),(946,0.50),(947,0.50),(948,0.50),(949,0.50),(950,0.50),(951,0.50),(952,0.50),(953,0.50),(954,0.50),(955,0.50),(956,0.50),(957,0.50),(958,0.50),(959,0.50),(960,0.50),(961,0.50),(962,0.50),(963,0.50),(964,0.50),(965,0.50),(966,0.50),(967,0.50),(968,0.50),(969,0.50),(970,0.50),(971,0.50),(972,0.50),(973,0.50),(974,0.50),(975,0.50),(976,0.50),(977,0.50),(978,0.50),(979,0.50),(980,0.50),(981,0.50),(982,0.50),(983,0.50),(984,0.50),(985,0.50),(986,0.50),(987,0.50),(988,0.50),(989,0.50),(990,0.50),(991,0.50),(992,0.50),(993,0.50),(994,0.50),(995,0.50),(996,0.50),(997,0.50),(998,0.50),(999,0.50),(1000,0.50);
/*!40000 ALTER TABLE `price` ENABLE KEYS */;
UNLOCK TABLES;

--
-- Table structure for table `tovar`
--

DROP TABLE IF EXISTS `tovar`;
/*!40101 SET @saved_cs_client     = @@character_set_client */;
 SET character_set_client = utf8mb4 ;
CREATE TABLE `tovar` (
  `id_tovar` int(11) NOT NULL AUTO_INCREMENT,
  `name` varchar(50) DEFAULT NULL,
  PRIMARY KEY (`id_tovar`)
) ENGINE=MyISAM AUTO_INCREMENT=1001 DEFAULT CHARSET=utf8mb4 COLLATE=utf8mb4_0900_ai_ci;
/*!40101 SET character_set_client = @saved_cs_client */;

--
-- Dumping data for table `tovar`
--

LOCK TABLES `tovar` WRITE;
/*!40000 ALTER TABLE `tovar` DISABLE KEYS */;
INSERT INTO `tovar` VALUES (1,'Товар 1'),(2,'Товар 2'),(3,'Товар 3'),(4,'Товар 4'),(5,'Товар 5'),(6,'Товар 6'),(7,'Товар 7'),(8,'Товар 8'),(9,'Товар 9'),(10,'Товар 10'),(11,'Товар 11'),(12,'Товар 12'),(13,'Товар 13'),(14,'Товар 14'),(15,'Товар 15'),(16,'Товар 16'),(17,'Товар 17'),(18,'Товар 18'),(19,'Товар 19'),(20,'Товар 20'),(21,'Товар 21'),(22,'Товар 22'),(23,'Товар 23'),(24,'Товар 24'),(25,'Товар 25'),(26,'Товар 26'),(27,'Товар 27'),(28,'Товар 28'),(29,'Товар 29'),(30,'Товар 30'),(31,'Товар 31'),(32,'Товар 32'),(33,'Товар 33'),(34,'Товар 34'),(35,'Товар 35'),(36,'Товар 36'),(37,'Товар 37'),(38,'Товар 38'),(39,'Товар 39'),(40,'Товар 40'),(41,'Товар 41'),(42,'Товар 42'),(43,'Товар 43'),(44,'Товар 44'),(45,'Товар 45'),(46,'Товар 46'),(47,'Товар 47'),(48,'Товар 48'),(49,'Товар 49'),(50,'Товар 50'),(51,'Товар 51'),(52,'Товар 52'),(53,'Товар 53'),(54,'Товар 54'),(55,'Товар 55'),(56,'Товар 56'),(57,'Товар 57'),(58,'Товар 58'),(59,'Товар 59'),(60,'Товар 60'),(61,'Товар 61'),(62,'Товар 62'),(63,'Товар 63'),(64,'Товар 64'),(65,'Товар 65'),(66,'Товар 66'),(67,'Товар 67'),(68,'Товар 68'),(69,'Товар 69'),(70,'Товар 70'),(71,'Товар 71'),(72,'Товар 72'),(73,'Товар 73'),(74,'Товар 74'),(75,'Товар 75'),(76,'Товар 76'),(77,'Товар 77'),(78,'Товар 78'),(79,'Товар 79'),(80,'Товар 80'),(81,'Товар 81'),(82,'Товар 82'),(83,'Товар 83'),(84,'Товар 84'),(85,'Товар 85'),(86,'Товар 86'),(87,'Товар 87'),(88,'Товар 88'),(89,'Товар 89'),(90,'Товар 90'),(91,'Товар 91'),(92,'Товар 92'),(93,'Товар 93'),(94,'Товар 94'),(95,'Товар 95'),(96,'Товар 96'),(97,'Товар 97'),(98,'Товар 98'),(99,'Товар 99'),(100,'Товар 100'),(101,'Товар 101'),(102,'Товар 102'),(103,'Товар 103'),(104,'Товар 104'),(105,'Товар 105'),(106,'Товар 106'),(107,'Товар 107'),(108,'Товар 108'),(109,'Товар 109'),(110,'Товар 110'),(111,'Товар 111'),(112,'Товар 112'),(113,'Товар 113'),(114,'Товар 114'),(115,'Товар 115'),(116,'Товар 116'),(117,'Товар 117'),(118,'Товар 118'),(119,'Товар 119'),(120,'Товар 120'),(121,'Товар 121'),(122,'Товар 122'),(123,'Товар 123'),(124,'Товар 124'),(125,'Товар 125'),(126,'Товар 126'),(127,'Товар 127'),(128,'Товар 128'),(129,'Товар 129'),(130,'Товар 130'),(131,'Товар 131'),(132,'Товар 132'),(133,'Товар 133'),(134,'Товар 134'),(135,'Товар 135'),(136,'Товар 136'),(137,'Товар 137'),(138,'Товар 138'),(139,'Товар 139'),(140,'Товар 140'),(141,'Товар 141'),(142,'Товар 142'),(143,'Товар 143'),(144,'Товар 144'),(145,'Товар 145'),(146,'Товар 146'),(147,'Товар 147'),(148,'Товар 148'),(149,'Товар 149'),(150,'Товар 150'),(151,'Товар 151'),(152,'Товар 152'),(153,'Товар 153'),(154,'Товар 154'),(155,'Товар 155'),(156,'Товар 156'),(157,'Товар 157'),(158,'Товар 158'),(159,'Товар 159'),(160,'Товар 160'),(161,'Товар 161'),(162,'Товар 162'),(163,'Товар 163'),(164,'Товар 164'),(165,'Товар 165'),(166,'Товар 166'),(167,'Товар 167'),(168,'Товар 168'),(169,'Товар 169'),(170,'Товар 170'),(171,'Товар 171'),(172,'Товар 172'),(173,'Товар 173'),(174,'Товар 174'),(175,'Товар 175'),(176,'Товар 176'),(177,'Товар 177'),(178,'Товар 178'),(179,'Товар 179'),(180,'Товар 180'),(181,'Товар 181'),(182,'Товар 182'),(183,'Товар 183'),(184,'Товар 184'),(185,'Товар 185'),(186,'Товар 186'),(187,'Товар 187'),(188,'Товар 188'),(189,'Товар 189'),(190,'Товар 190'),(191,'Товар 191'),(192,'Товар 192'),(193,'Товар 193'),(194,'Товар 194'),(195,'Товар 195'),(196,'Товар 196'),(197,'Товар 197'),(198,'Товар 198'),(199,'Товар 199'),(200,'Товар 200'),(201,'Товар 201'),(202,'Товар 202'),(203,'Товар 203'),(204,'Товар 204'),(205,'Товар 205'),(206,'Товар 206'),(207,'Товар 207'),(208,'Товар 208'),(209,'Товар 209'),(210,'Товар 210'),(211,'Товар 211'),(212,'Товар 212'),(213,'Товар 213'),(214,'Товар 214'),(215,'Товар 215'),(216,'Товар 216'),(217,'Товар 217'),(218,'Товар 218'),(219,'Товар 219'),(220,'Товар 220'),(221,'Товар 221'),(222,'Товар 222'),(223,'Товар 223'),(224,'Товар 224'),(225,'Товар 225'),(226,'Товар 226'),(227,'Товар 227'),(228,'Товар 228'),(229,'Товар 229'),(230,'Товар 230'),(231,'Товар 231'),(232,'Товар 232'),(233,'Товар 233'),(234,'Товар 234'),(235,'Товар 235'),(236,'Товар 236'),(237,'Товар 237'),(238,'Товар 238'),(239,'Товар 239'),(240,'Товар 240'),(241,'Товар 241'),(242,'Товар 242'),(243,'Товар 243'),(244,'Товар 244'),(245,'Товар 245'),(246,'Товар 246'),(247,'Товар 247'),(248,'Товар 248'),(249,'Товар 249'),(250,'Товар 250'),(251,'Товар 251'),(252,'Товар 252'),(253,'Товар 253'),(254,'Товар 254'),(255,'Товар 255'),(256,'Товар 256'),(257,'Товар 257'),(258,'Товар 258'),(259,'Товар 259'),(260,'Товар 260'),(261,'Товар 261'),(262,'Товар 262'),(263,'Товар 263'),(264,'Товар 264'),(265,'Товар 265'),(266,'Товар 266'),(267,'Товар 267'),(268,'Товар 268'),(269,'Товар 269'),(270,'Товар 270'),(271,'Товар 271'),(272,'Товар 272'),(273,'Товар 273'),(274,'Товар 274'),(275,'Товар 275'),(276,'Товар 276'),(277,'Товар 277'),(278,'Товар 278'),(279,'Товар 279'),(280,'Товар 280'),(281,'Товар 281'),(282,'Товар 282'),(283,'Товар 283'),(284,'Товар 284'),(285,'Товар 285'),(286,'Товар 286'),(287,'Товар 287'),(288,'Товар 288'),(289,'Товар 289'),(290,'Товар 290'),(291,'Товар 291'),(292,'Товар 292'),(293,'Товар 293'),(294,'Товар 294'),(295,'Товар 295'),(296,'Товар 296'),(297,'Товар 297'),(298,'Товар 298'),(299,'Товар 299'),(300,'Товар 300'),(301,'Товар 301'),(302,'Товар 302'),(303,'Товар 303'),(304,'Товар 304'),(305,'Товар 305'),(306,'Товар 306'),(307,'Товар 307'),(308,'Товар 308'),(309,'Товар 309'),(310,'Товар 310'),(311,'Товар 311'),(312,'Товар 312'),(313,'Товар 313'),(314,'Товар 314'),(315,'Товар 315'),(316,'Товар 316'),(317,'Товар 317'),(318,'Товар 318'),(319,'Товар 319'),(320,'Товар 320'),(321,'Товар 321'),(322,'Товар 322'),(323,'Товар 323'),(324,'Товар 324'),(325,'Товар 325'),(326,'Товар 326'),(327,'Товар 327'),(328,'Товар 328'),(329,'Товар 329'),(330,'Товар 330'),(331,'Товар 331'),(332,'Товар 332'),(333,'Товар 333'),(334,'Товар 334'),(335,'Товар 335'),(336,'Товар 336'),(337,'Товар 337'),(338,'Товар 338'),(339,'Товар 339'),(340,'Товар 340'),(341,'Товар 341'),(342,'Товар 342'),(343,'Товар 343'),(344,'Товар 344'),(345,'Товар 345'),(346,'Товар 346'),(347,'Товар 347'),(348,'Товар 348'),(349,'Товар 349'),(350,'Товар 350'),(351,'Товар 351'),(352,'Товар 352'),(353,'Товар 353'),(354,'Товар 354'),(355,'Товар 355'),(356,'Товар 356'),(357,'Товар 357'),(358,'Товар 358'),(359,'Товар 359'),(360,'Товар 360'),(361,'Товар 361'),(362,'Товар 362'),(363,'Товар 363'),(364,'Товар 364'),(365,'Товар 365'),(366,'Товар 366'),(367,'Товар 367'),(368,'Товар 368'),(369,'Товар 369'),(370,'Товар 370'),(371,'Товар 371'),(372,'Товар 372'),(373,'Товар 373'),(374,'Товар 374'),(375,'Товар 375'),(376,'Товар 376'),(377,'Товар 377'),(378,'Товар 378'),(379,'Товар 379'),(380,'Товар 380'),(381,'Товар 381'),(382,'Товар 382'),(383,'Товар 383'),(384,'Товар 384'),(385,'Товар 385'),(386,'Товар 386'),(387,'Товар 387'),(388,'Товар 388'),(389,'Товар 389'),(390,'Товар 390'),(391,'Товар 391'),(392,'Товар 392'),(393,'Товар 393'),(394,'Товар 394'),(395,'Товар 395'),(396,'Товар 396'),(397,'Товар 397'),(398,'Товар 398'),(399,'Товар 399'),(400,'Товар 400'),(401,'Товар 401'),(402,'Товар 402'),(403,'Товар 403'),(404,'Товар 404'),(405,'Товар 405'),(406,'Товар 406'),(407,'Товар 407'),(408,'Товар 408'),(409,'Товар 409'),(410,'Товар 410'),(411,'Товар 411'),(412,'Товар 412'),(413,'Товар 413'),(414,'Товар 414'),(415,'Товар 415'),(416,'Товар 416'),(417,'Товар 417'),(418,'Товар 418'),(419,'Товар 419'),(420,'Товар 420'),(421,'Товар 421'),(422,'Товар 422'),(423,'Товар 423'),(424,'Товар 424'),(425,'Товар 425'),(426,'Товар 426'),(427,'Товар 427'),(428,'Товар 428'),(429,'Товар 429'),(430,'Товар 430'),(431,'Товар 431'),(432,'Товар 432'),(433,'Товар 433'),(434,'Товар 434'),(435,'Товар 435'),(436,'Товар 436'),(437,'Товар 437'),(438,'Товар 438'),(439,'Товар 439'),(440,'Товар 440'),(441,'Товар 441'),(442,'Товар 442'),(443,'Товар 443'),(444,'Товар 444'),(445,'Товар 445'),(446,'Товар 446'),(447,'Товар 447'),(448,'Товар 448'),(449,'Товар 449'),(450,'Товар 450'),(451,'Товар 451'),(452,'Товар 452'),(453,'Товар 453'),(454,'Товар 454'),(455,'Товар 455'),(456,'Товар 456'),(457,'Товар 457'),(458,'Товар 458'),(459,'Товар 459'),(460,'Товар 460'),(461,'Товар 461'),(462,'Товар 462'),(463,'Товар 463'),(464,'Товар 464'),(465,'Товар 465'),(466,'Товар 466'),(467,'Товар 467'),(468,'Товар 468'),(469,'Товар 469'),(470,'Товар 470'),(471,'Товар 471'),(472,'Товар 472'),(473,'Товар 473'),(474,'Товар 474'),(475,'Товар 475'),(476,'Товар 476'),(477,'Товар 477'),(478,'Товар 478'),(479,'Товар 479'),(480,'Товар 480'),(481,'Товар 481'),(482,'Товар 482'),(483,'Товар 483'),(484,'Товар 484'),(485,'Товар 485'),(486,'Товар 486'),(487,'Товар 487'),(488,'Товар 488'),(489,'Товар 489'),(490,'Товар 490'),(491,'Товар 491'),(492,'Товар 492'),(493,'Товар 493'),(494,'Товар 494'),(495,'Товар 495'),(496,'Товар 496'),(497,'Товар 497'),(498,'Товар 498'),(499,'Товар 499'),(500,'Товар 500'),(501,'Товар 501'),(502,'Товар 502'),(503,'Товар 503'),(504,'Товар 504'),(505,'Товар 505'),(506,'Товар 506'),(507,'Товар 507'),(508,'Товар 508'),(509,'Товар 509'),(510,'Товар 510'),(511,'Товар 511'),(512,'Товар 512'),(513,'Товар 513'),(514,'Товар 514'),(515,'Товар 515'),(516,'Товар 516'),(517,'Товар 517'),(518,'Товар 518'),(519,'Товар 519'),(520,'Товар 520'),(521,'Товар 521'),(522,'Товар 522'),(523,'Товар 523'),(524,'Товар 524'),(525,'Товар 525'),(526,'Товар 526'),(527,'Товар 527'),(528,'Товар 528'),(529,'Товар 529'),(530,'Товар 530'),(531,'Товар 531'),(532,'Товар 532'),(533,'Товар 533'),(534,'Товар 534'),(535,'Товар 535'),(536,'Товар 536'),(537,'Товар 537'),(538,'Товар 538'),(539,'Товар 539'),(540,'Товар 540'),(541,'Товар 541'),(542,'Товар 542'),(543,'Товар 543'),(544,'Товар 544'),(545,'Товар 545'),(546,'Товар 546'),(547,'Товар 547'),(548,'Товар 548'),(549,'Товар 549'),(550,'Товар 550'),(551,'Товар 551'),(552,'Товар 552'),(553,'Товар 553'),(554,'Товар 554'),(555,'Товар 555'),(556,'Товар 556'),(557,'Товар 557'),(558,'Товар 558'),(559,'Товар 559'),(560,'Товар 560'),(561,'Товар 561'),(562,'Товар 562'),(563,'Товар 563'),(564,'Товар 564'),(565,'Товар 565'),(566,'Товар 566'),(567,'Товар 567'),(568,'Товар 568'),(569,'Товар 569'),(570,'Товар 570'),(571,'Товар 571'),(572,'Товар 572'),(573,'Товар 573'),(574,'Товар 574'),(575,'Товар 575'),(576,'Товар 576'),(577,'Товар 577'),(578,'Товар 578'),(579,'Товар 579'),(580,'Товар 580'),(581,'Товар 581'),(582,'Товар 582'),(583,'Товар 583'),(584,'Товар 584'),(585,'Товар 585'),(586,'Товар 586'),(587,'Товар 587'),(588,'Товар 588'),(589,'Товар 589'),(590,'Товар 590'),(591,'Товар 591'),(592,'Товар 592'),(593,'Товар 593'),(594,'Товар 594'),(595,'Товар 595'),(596,'Товар 596'),(597,'Товар 597'),(598,'Товар 598'),(599,'Товар 599'),(600,'Товар 600'),(601,'Товар 601'),(602,'Товар 602'),(603,'Товар 603'),(604,'Товар 604'),(605,'Товар 605'),(606,'Товар 606'),(607,'Товар 607'),(608,'Товар 608'),(609,'Товар 609'),(610,'Товар 610'),(611,'Товар 611'),(612,'Товар 612'),(613,'Товар 613'),(614,'Товар 614'),(615,'Товар 615'),(616,'Товар 616'),(617,'Товар 617'),(618,'Товар 618'),(619,'Товар 619'),(620,'Товар 620'),(621,'Товар 621'),(622,'Товар 622'),(623,'Товар 623'),(624,'Товар 624'),(625,'Товар 625'),(626,'Товар 626'),(627,'Товар 627'),(628,'Товар 628'),(629,'Товар 629'),(630,'Товар 630'),(631,'Товар 631'),(632,'Товар 632'),(633,'Товар 633'),(634,'Товар 634'),(635,'Товар 635'),(636,'Товар 636'),(637,'Товар 637'),(638,'Товар 638'),(639,'Товар 639'),(640,'Товар 640'),(641,'Товар 641'),(642,'Товар 642'),(643,'Товар 643'),(644,'Товар 644'),(645,'Товар 645'),(646,'Товар 646'),(647,'Товар 647'),(648,'Товар 648'),(649,'Товар 649'),(650,'Товар 650'),(651,'Товар 651'),(652,'Товар 652'),(653,'Товар 653'),(654,'Товар 654'),(655,'Товар 655'),(656,'Товар 656'),(657,'Товар 657'),(658,'Товар 658'),(659,'Товар 659'),(660,'Товар 660'),(661,'Товар 661'),(662,'Товар 662'),(663,'Товар 663'),(664,'Товар 664'),(665,'Товар 665'),(666,'Товар 666'),(667,'Товар 667'),(668,'Товар 668'),(669,'Товар 669'),(670,'Товар 670'),(671,'Товар 671'),(672,'Товар 672'),(673,'Товар 673'),(674,'Товар 674'),(675,'Товар 675'),(676,'Товар 676'),(677,'Товар 677'),(678,'Товар 678'),(679,'Товар 679'),(680,'Товар 680'),(681,'Товар 681'),(682,'Товар 682'),(683,'Товар 683'),(684,'Товар 684'),(685,'Товар 685'),(686,'Товар 686'),(687,'Товар 687'),(688,'Товар 688'),(689,'Товар 689'),(690,'Товар 690'),(691,'Товар 691'),(692,'Товар 692'),(693,'Товар 693'),(694,'Товар 694'),(695,'Товар 695'),(696,'Товар 696'),(697,'Товар 697'),(698,'Товар 698'),(699,'Товар 699'),(700,'Товар 700'),(701,'Товар 701'),(702,'Товар 702'),(703,'Товар 703'),(704,'Товар 704'),(705,'Товар 705'),(706,'Товар 706'),(707,'Товар 707'),(708,'Товар 708'),(709,'Товар 709'),(710,'Товар 710'),(711,'Товар 711'),(712,'Товар 712'),(713,'Товар 713'),(714,'Товар 714'),(715,'Товар 715'),(716,'Товар 716'),(717,'Товар 717'),(718,'Товар 718'),(719,'Товар 719'),(720,'Товар 720'),(721,'Товар 721'),(722,'Товар 722'),(723,'Товар 723'),(724,'Товар 724'),(725,'Товар 725'),(726,'Товар 726'),(727,'Товар 727'),(728,'Товар 728'),(729,'Товар 729'),(730,'Товар 730'),(731,'Товар 731'),(732,'Товар 732'),(733,'Товар 733'),(734,'Товар 734'),(735,'Товар 735'),(736,'Товар 736'),(737,'Товар 737'),(738,'Товар 738'),(739,'Товар 739'),(740,'Товар 740'),(741,'Товар 741'),(742,'Товар 742'),(743,'Товар 743'),(744,'Товар 744'),(745,'Товар 745'),(746,'Товар 746'),(747,'Товар 747'),(748,'Товар 748'),(749,'Товар 749'),(750,'Товар 750'),(751,'Товар 751'),(752,'Товар 752'),(753,'Товар 753'),(754,'Товар 754'),(755,'Товар 755'),(756,'Товар 756'),(757,'Товар 757'),(758,'Товар 758'),(759,'Товар 759'),(760,'Товар 760'),(761,'Товар 761'),(762,'Товар 762'),(763,'Товар 763'),(764,'Товар 764'),(765,'Товар 765'),(766,'Товар 766'),(767,'Товар 767'),(768,'Товар 768'),(769,'Товар 769'),(770,'Товар 770'),(771,'Товар 771'),(772,'Товар 772'),(773,'Товар 773'),(774,'Товар 774'),(775,'Товар 775'),(776,'Товар 776'),(777,'Товар 777'),(778,'Товар 778'),(779,'Товар 779'),(780,'Товар 780'),(781,'Товар 781'),(782,'Товар 782'),(783,'Товар 783'),(784,'Товар 784'),(785,'Товар 785'),(786,'Товар 786'),(787,'Товар 787'),(788,'Товар 788'),(789,'Товар 789'),(790,'Товар 790'),(791,'Товар 791'),(792,'Товар 792'),(793,'Товар 793'),(794,'Товар 794'),(795,'Товар 795'),(796,'Товар 796'),(797,'Товар 797'),(798,'Товар 798'),(799,'Товар 799'),(800,'Товар 800'),(801,'Товар 801'),(802,'Товар 802'),(803,'Товар 803'),(804,'Товар 804'),(805,'Товар 805'),(806,'Товар 806'),(807,'Товар 807'),(808,'Товар 808'),(809,'Товар 809'),(810,'Товар 810'),(811,'Товар 811'),(812,'Товар 812'),(813,'Товар 813'),(814,'Товар 814'),(815,'Товар 815'),(816,'Товар 816'),(817,'Товар 817'),(818,'Товар 818'),(819,'Товар 819'),(820,'Товар 820'),(821,'Товар 821'),(822,'Товар 822'),(823,'Товар 823'),(824,'Товар 824'),(825,'Товар 825'),(826,'Товар 826'),(827,'Товар 827'),(828,'Товар 828'),(829,'Товар 829'),(830,'Товар 830'),(831,'Товар 831'),(832,'Товар 832'),(833,'Товар 833'),(834,'Товар 834'),(835,'Товар 835'),(836,'Товар 836'),(837,'Товар 837'),(838,'Товар 838'),(839,'Товар 839'),(840,'Товар 840'),(841,'Товар 841'),(842,'Товар 842'),(843,'Товар 843'),(844,'Товар 844'),(845,'Товар 845'),(846,'Товар 846'),(847,'Товар 847'),(848,'Товар 848'),(849,'Товар 849'),(850,'Товар 850'),(851,'Товар 851'),(852,'Товар 852'),(853,'Товар 853'),(854,'Товар 854'),(855,'Товар 855'),(856,'Товар 856'),(857,'Товар 857'),(858,'Товар 858'),(859,'Товар 859'),(860,'Товар 860'),(861,'Товар 861'),(862,'Товар 862'),(863,'Товар 863'),(864,'Товар 864'),(865,'Товар 865'),(866,'Товар 866'),(867,'Товар 867'),(868,'Товар 868'),(869,'Товар 869'),(870,'Товар 870'),(871,'Товар 871'),(872,'Товар 872'),(873,'Товар 873'),(874,'Товар 874'),(875,'Товар 875'),(876,'Товар 876'),(877,'Товар 877'),(878,'Товар 878'),(879,'Товар 879'),(880,'Товар 880'),(881,'Товар 881'),(882,'Товар 882'),(883,'Товар 883'),(884,'Товар 884'),(885,'Товар 885'),(886,'Товар 886'),(887,'Товар 887'),(888,'Товар 888'),(889,'Товар 889'),(890,'Товар 890'),(891,'Товар 891'),(892,'Товар 892'),(893,'Товар 893'),(894,'Товар 894'),(895,'Товар 895'),(896,'Товар 896'),(897,'Товар 897'),(898,'Товар 898'),(899,'Товар 899'),(900,'Товар 900'),(901,'Товар 901'),(902,'Товар 902'),(903,'Товар 903'),(904,'Товар 904'),(905,'Товар 905'),(906,'Товар 906'),(907,'Товар 907'),(908,'Товар 908'),(909,'Товар 909'),(910,'Товар 910'),(911,'Товар 911'),(912,'Товар 912'),(913,'Товар 913'),(914,'Товар 914'),(915,'Товар 915'),(916,'Товар 916'),(917,'Товар 917'),(918,'Товар 918'),(919,'Товар 919'),(920,'Товар 920'),(921,'Товар 921'),(922,'Товар 922'),(923,'Товар 923'),(924,'Товар 924'),(925,'Товар 925'),(926,'Товар 926'),(927,'Товар 927'),(928,'Товар 928'),(929,'Товар 929'),(930,'Товар 930'),(931,'Товар 931'),(932,'Товар 932'),(933,'Товар 933'),(934,'Товар 934'),(935,'Товар 935'),(936,'Товар 936'),(937,'Товар 937'),(938,'Товар 938'),(939,'Товар 939'),(940,'Товар 940'),(941,'Товар 941'),(942,'Товар 942'),(943,'Товар 943'),(944,'Товар 944'),(945,'Товар 945'),(946,'Товар 946'),(947,'Товар 947'),(948,'Товар 948'),(949,'Товар 949'),(950,'Товар 950'),(951,'Товар 951'),(952,'Товар 952'),(953,'Товар 953'),(954,'Товар 954'),(955,'Товар 955'),(956,'Товар 956'),(957,'Товар 957'),(958,'Товар 958'),(959,'Товар 959'),(960,'Товар 960'),(961,'Товар 961'),(962,'Товар 962'),(963,'Товар 963'),(964,'Товар 964'),(965,'Товар 965'),(966,'Товар 966'),(967,'Товар 967'),(968,'Товар 968'),(969,'Товар 969'),(970,'Товар 970'),(971,'Товар 971'),(972,'Товар 972'),(973,'Товар 973'),(974,'Товар 974'),(975,'Товар 975'),(976,'Товар 976'),(977,'Товар 977'),(978,'Товар 978'),(979,'Товар 979'),(980,'Товар 980'),(981,'Товар 981'),(982,'Товар 982'),(983,'Товар 983'),(984,'Товар 984'),(985,'Товар 985'),(986,'Товар 986'),(987,'Товар 987'),(988,'Товар 988'),(989,'Товар 989'),(990,'Товар 990'),(991,'Товар 991'),(992,'Товар 992'),(993,'Товар 993'),(994,'Товар 994'),(995,'Товар 995'),(996,'Товар 996'),(997,'Товар 997'),(998,'Товар 998'),(999,'Товар 999'),(1000,'Товар 1000');
/*!40000 ALTER TABLE `tovar` ENABLE KEYS */;
UNLOCK TABLES;

--
-- Table structure for table `versions`
--

DROP TABLE IF EXISTS `versions`;
/*!40101 SET @saved_cs_client     = @@character_set_client */;
 SET character_set_client = utf8mb4 ;
CREATE TABLE `versions` (
  `id` int(10) unsigned NOT NULL AUTO_INCREMENT,
  `name` varchar(255) NOT NULL,
  `created` timestamp NULL DEFAULT CURRENT_TIMESTAMP,
  PRIMARY KEY (`id`)
) ENGINE=MyISAM AUTO_INCREMENT=2 DEFAULT CHARSET=utf8mb4 COLLATE=utf8mb4_0900_ai_ci;
/*!40101 SET character_set_client = @saved_cs_client */;

--
-- Dumping data for table `versions`
--

LOCK TABLES `versions` WRITE;
/*!40000 ALTER TABLE `versions` DISABLE KEYS */;
INSERT INTO `versions` VALUES (1,'0000_base.sql','2019-04-14 20:27:21');
/*!40000 ALTER TABLE `versions` ENABLE KEYS */;
UNLOCK TABLES;
/*!40103 SET TIME_ZONE=@OLD_TIME_ZONE */;

/*!40101 SET SQL_MODE=@OLD_SQL_MODE */;
/*!40014 SET FOREIGN_KEY_CHECKS=@OLD_FOREIGN_KEY_CHECKS */;
/*!40014 SET UNIQUE_CHECKS=@OLD_UNIQUE_CHECKS */;
/*!40101 SET CHARACTER_SET_CLIENT=@OLD_CHARACTER_SET_CLIENT */;
/*!40101 SET CHARACTER_SET_RESULTS=@OLD_CHARACTER_SET_RESULTS */;
/*!40101 SET COLLATION_CONNECTION=@OLD_COLLATION_CONNECTION */;
/*!40111 SET SQL_NOTES=@OLD_SQL_NOTES */;

-- Dump completed on 2019-04-15  2:30:41
